bid_cpc,historical_impressions,ad_format,device_os,app_category,predicted_ctr
1.9352465823520764,21491,Video,Android,Gaming,2.4126087929004543
4.758500101408589,2341,Video,iOS,Gaming,4.527387021460888
3.6867703148758855,45623,Interstitial,iOS,Utility,2.523702691599033
3.0334265725654794,25791,Video,Android,Utility,3.212630861680324
0.864491338167939,1338,Video,Android,Social,2.6878756994472672
0.864373149647393,6895,Video,Android,Finance,3.2887998792888493
0.38460969962417735,13254,Video,Android,Utility,2.1242811710720626
4.344263114297182,12344,Interstitial,iOS,Gaming,2.952091095062172
3.0454635575417233,2750,banner,Android,Social,1.3454016330589802
3.569555631200623,3421,Interstitial,iOS,Utility,2.7582518755264402
0.200864022049432,40887,banner,Android,Finance,1.328119384147786
4.852558275593772,6319,Video,Android,Finance,4.285546948796958
4.178968939922067,16896,Video,Android,Social,3.338402463414755
1.1404616423235534,12918,banner,Android,Social,1.2309987208776016
0.990942339314793,26064,Video,iOS,Social,2.8010213983366103
0.9986820982818257,47617,Interstitial,Android,Social,0.7742027181584683
1.590786990501735,28935,Interstitial,iOS,Social,1.2736396581245388
2.6713065149979656,38641,Video,Android,Gaming,3.095892448043321
2.2165305913463675,30711,Interstitial,iOS,Gaming,1.7718006270623459
1.5270227869704056,5806,Interstitial,Android,Utility,0.8713724946558646
3.0980791841396598,42360,banner,Android,Finance,2.023528352180235
0.783519917195005,13182,Video,iOS,Gaming,2.8140641348961357
1.5315087778225691,23297,Video,iOS,Gaming,3.0928888750183177
1.8951730321390896,20541,banner,Android,Gaming,1.9128449828790026
2.334742922663476,29921,Video,Android,Utility,3.699178875746095
3.947362210825767,17774,Video,iOS,Social,4.101405259670828
1.0784015325759628,45813,banner,iOS,Utility,1.4076149691976045
2.619748748226697,38198,Video,iOS,Finance,4.172244086225682
3.0028313874240085,9820,banner,Android,Finance,2.7522426141826313
0.3276070223279889,25070,Interstitial,Android,Finance,1.9665603551244892
3.0769697743170483,5232,Interstitial,iOS,Finance,2.671445320188514
0.9355682060677285,12122,Video,iOS,Gaming,3.074928521104478
0.41875280562786965,16023,Interstitial,iOS,Gaming,0.45084077690946234
4.749539132541333,9007,Video,iOS,Utility,4.565208655461234
4.8315969620653405,18905,Video,Android,Social,4.329731086908656
4.06114700577066,42786,banner,iOS,Finance,2.323075350684671
1.5926074689495167,30398,Video,iOS,Utility,3.4740889386171956
0.578593358631281,35268,Video,Android,Gaming,2.3034210724133377
3.452741829909569,7737,banner,iOS,Gaming,3.0226862586060097
2.2567472193240468,37062,Video,Android,Social,2.954025418982169
0.6979873507394163,26510,Video,Android,Social,2.1857332023640175
2.526366859545224,20426,Video,Android,Social,3.579884818553321
0.2685037534645701,38265,banner,Android,Utility,0.8470185290417216
4.555669970186032,18850,banner,Android,Gaming,2.333042245087049
1.368021909840083,1614,Video,Android,Gaming,2.6422835665336137
3.346359193334512,22776,Video,Android,Social,3.609855638531592
1.6273842728381138,25077,Video,Android,Finance,3.554748316426658
2.648333303771273,10374,Video,Android,Social,3.4617534475131073
2.7788803687820707,36435,banner,Android,Utility,1.6709187432251948
1.0057868320750827,31907,Video,iOS,Social,2.683146902711142
4.8509646760463365,14409,Video,iOS,Social,4.6625076253475175
3.8981508344694618,17514,banner,iOS,Utility,2.6883741125661706
4.703544813664527,30866,banner,Android,Social,2.6331058297666945
4.48465401709548,3983,banner,Android,Gaming,2.2096822637821165
3.0297098961743174,32705,Video,Android,Finance,4.124688581717907
4.617183751613273,21662,Video,Android,Social,3.451852815779746
0.5336132600544056,24510,Video,Android,Utility,2.447702545887162
1.0603160258538116,13651,Video,iOS,Finance,3.367772293397594
0.32161371566163655,41998,banner,Android,Utility,1.1365034184950873
1.6941186207399954,29535,Interstitial,Android,Finance,1.681874350697931
2.004518719478462,7640,banner,Android,Finance,2.5129855037782773
1.4296102556920902,45547,banner,iOS,Social,1.330536983831068
4.1608137948444535,16317,Video,Android,Gaming,4.246944106656356
1.8480913007985877,8564,banner,Android,Social,1.1473711182830242
1.4765790974681658,28345,Video,Android,Utility,2.4640598468650463
2.7592108074754176,49288,banner,Android,Utility,1.8080304547699761
0.790528702376337,29687,Video,Android,Finance,2.963276382885146
4.030765205694794,14737,Video,iOS,Finance,4.819309651184671
0.46529815403087704,10323,Video,Android,Gaming,2.100173585331091
4.935745989342535,16229,Interstitial,Android,Social,2.392513273348132
3.8839993695536217,45481,Video,Android,Utility,3.475258315912064
1.073706839517445,9502,Video,Android,Finance,3.0799378943033617
0.12705837390565178,1545,Video,iOS,Gaming,2.6949251467799433
4.095760999428688,38114,banner,iOS,Utility,2.1580765483342628
3.5636009848533243,30430,banner,Android,Finance,2.5989747310085627
3.6721351234008384,10996,banner,Android,Utility,1.737767880079789
3.8792246987611345,28788,Video,Android,Gaming,3.5993343428578406
0.4628187934970428,30969,banner,iOS,Gaming,1.166410743902981
1.856482069866936,49543,Video,Android,Utility,2.733074944129617
0.6677583916731357,14919,Interstitial,Android,Social,1.2231811055637454
4.329206786790408,4810,banner,Android,Utility,2.5136004837573287
3.1541608214550343,31586,Video,iOS,Finance,4.406642242188461
1.7214003217779812,40974,Video,Android,Social,3.022349125960343
0.4114359164015159,42773,Video,Android,Finance,2.8753343835163108
1.623813376406745,17371,Video,iOS,Utility,3.313921085667967
1.6933982779310608,46084,Video,Android,Social,2.882532947316291
3.675070273856514,30629,banner,Android,Finance,3.44533311703288
3.224031609640545,9436,Video,Android,Utility,3.7754833725979102
4.447342438624,13984,Video,Android,Utility,3.7691926168330747
2.413853133293552,34039,Video,iOS,Social,3.2923374837385
0.6860118050976783,20895,Video,iOS,Utility,2.439540805993998
3.594899457392676,19155,Interstitial,Android,Gaming,2.054222731358142
3.8278467382227976,11616,Video,iOS,Finance,4.442192994377767
2.8502582680905317,38129,banner,Android,Finance,2.293180740379522
3.877739181777349,40837,Interstitial,iOS,Utility,2.3758921773989905
2.5195984221855148,25574,banner,Android,Utility,1.850144094666906
2.661390863971771,4430,Interstitial,Android,Gaming,1.826947206575737
2.1949509899568933,13676,Video,Android,Social,3.252751176310674
0.22455372104606644,11816,Interstitial,Android,Utility,0.8345809729115227
0.6286679922671918,33733,Video,Android,Utility,2.4552301273472543
0.25400300986499785,21144,Video,Android,Utility,2.5136927334683894
3.2184110151925243,3050,banner,iOS,Utility,2.7786414682443987
1.640344307274001,45460,Interstitial,Android,Finance,2.329204353129324
2.5919963867070437,34933,Interstitial,Android,Utility,1.698002484809976
4.547075722237856,25951,Video,Android,Finance,4.506584502258716
1.3215319228294875,33413,Video,Android,Utility,2.7689668860143715
2.110876322874586,35801,Interstitial,Android,Social,1.4973734129757363
3.8022005788609388,33913,Video,Android,Gaming,3.6408291644769597
1.2211110109089502,48037,banner,iOS,Social,0.9627795063326611
0.47720155816108567,41600,Interstitial,Android,Utility,0.7981651548815314
1.5197821192774634,26280,Video,Android,Utility,2.5214592087931584
0.8899843075446217,25557,Video,iOS,Utility,2.407176257057233
4.655518496478608,48054,Video,Android,Social,4.501631710501477
4.059789859865643,36400,Video,iOS,Utility,3.2807588441792195
3.203678406901075,5494,Interstitial,Android,Social,2.5603114836957603
4.370156891919817,16152,Video,Android,Finance,4.520304404104453
4.037993176805661,24895,Interstitial,Android,Gaming,2.187298414020608
1.0141932885415756,10155,Video,Android,Gaming,2.2439497350053026
4.473539092600891,32883,Interstitial,Android,Social,2.6293231860994526
2.742776985386689,44194,Video,iOS,Finance,3.826753720711856
4.056456760303907,44001,Video,Android,Social,4.135672898106395
4.490847369625117,2828,Video,Android,Finance,5.05914956738873
1.6582170273621333,46028,banner,iOS,Utility,1.5278802599955812
0.6392544301856161,42898,banner,iOS,Finance,0.8883137027337312
1.2168822964555144,33123,Interstitial,iOS,Finance,2.0035878780322522
2.192828164268656,38573,Video,iOS,Finance,3.9053276067666136
4.108272353020216,1806,Video,Android,Gaming,4.259254153821864
4.3175798579560825,41970,banner,Android,Finance,2.9371459954057535
0.13406543960283446,30757,Video,iOS,Utility,2.2726870319452988
2.602661782630072,35636,Video,Android,Utility,2.918473014335191
2.1453139154290173,15561,Interstitial,iOS,Utility,1.3261883961621013
1.1883282713065784,49280,Interstitial,Android,Finance,1.8704175775959795
0.6873402999350458,25262,Interstitial,Android,Social,0.4533438387742674
1.7543143398777772,15899,banner,iOS,Social,1.7956935494394977
4.720257549171344,49988,Video,Android,Utility,4.294024809797788
1.6836943669017008,16934,Video,Android,Gaming,3.309076768935908
2.6420740465424943,39197,banner,iOS,Social,2.19505495639468
3.5447928985863717,42844,Interstitial,iOS,Finance,2.8271079878458933
1.8817850516585408,37332,Video,Android,Social,3.271990069085911
4.861732205332707,35157,Video,Android,Utility,4.034245087976646
4.815991745216345,12593,Video,Android,Gaming,4.007144443563177
1.3337332495442846,41042,banner,Android,Social,1.3820974449494121
2.536517678872689,18320,Interstitial,Android,Social,1.85414905118576
1.5743037181021715,28376,banner,Android,Utility,1.2293761972732982
1.4957184224495914,44513,Video,Android,Gaming,3.1438301617495807
0.2807460420372107,15199,Interstitial,Android,Gaming,0.746554326083551
3.086865236501495,16876,banner,iOS,Utility,2.418170413225119
2.5631272138214216,9245,Video,Android,Finance,4.1551743256835
0.3522458811249478,8214,Video,Android,Social,2.7596867986697644
1.4653676747593962,1726,Video,iOS,Finance,4.2460476500765045
4.550502841236603,47600,Video,Android,Social,4.328722402800617
1.273853264268165,12362,Interstitial,iOS,Social,0.9165062477640049
0.8099848732469932,19297,Video,Android,Finance,2.8307433639512363
2.498318525360059,31448,Interstitial,Android,Utility,1.7920842482455368
4.929687225141944,27172,Video,iOS,Utility,4.438120312292898
1.2860708304063522,43874,Video,iOS,Social,2.9013276210571037
3.393464182288805,8657,Video,Android,Utility,4.3099263385908975
3.8319361151107163,19850,Video,Android,Social,4.58679555298535
1.2644239655627585,26425,Video,iOS,Utility,3.505560125592989
3.6682601081981123,27685,Interstitial,Android,Social,2.4016540200165464
1.902137350324341,48319,banner,iOS,Utility,2.077720950405039
3.19829856990854,25578,banner,Android,Gaming,1.5983276962272475
3.2042955827283843,29831,Video,Android,Finance,3.9777343174234776
2.725295951966317,8906,Video,Android,Gaming,3.0675235315325873
0.5424198732666007,8287,Video,Android,Finance,3.4497976539779236
4.192982228387266,34660,banner,Android,Finance,3.0673298071034307
1.6718223183615057,11222,Video,Android,Social,3.331960684096061
1.0139407009592858,38443,Video,iOS,Finance,2.7364505948065396
0.2997981936183432,35701,banner,iOS,Gaming,1.339400924551716
2.995375421622385,18764,Video,iOS,Gaming,3.738482749183355
3.420065373027184,45641,Video,Android,Utility,3.3312881495352857
0.18128036174649514,18674,Video,iOS,Gaming,2.388676484772448
2.609255985666477,19024,Interstitial,Android,Utility,1.1332217860633889
1.2098292984698962,47007,banner,Android,Finance,1.6949918116013822
3.2613466730063045,24874,Video,iOS,Gaming,3.193241621499553
0.9543955021244581,44642,Video,Android,Finance,3.103114618304451
3.4855949167020834,33284,Interstitial,Android,Gaming,1.5809398335747793
1.9950031968726336,18602,banner,Android,Gaming,1.6182643349139247
4.689976944809999,38784,Video,Android,Utility,3.7492366402651895
0.773852626315367,24265,Interstitial,Android,Finance,1.4273741221546525
1.771225120146267,26931,Video,Android,Gaming,3.3289295076385823
0.6560202540788864,29841,banner,iOS,Social,0.9886850856967191
4.630998729564958,30192,banner,Android,Finance,3.6464849101139465
4.398962831566807,47542,Video,Android,Finance,4.7965524169698055
1.3639139758042627,43520,Interstitial,iOS,Finance,1.9054131048392384
3.3339218255674776,16585,banner,Android,Utility,2.041754279504719
4.104388780985958,26559,banner,iOS,Social,2.9380571902299546
2.8204839768373655,41059,Video,Android,Finance,4.011068610814698
2.695287833944432,34742,Video,iOS,Gaming,3.3727935443334602
1.2850762254122134,5133,Video,Android,Gaming,3.411588280200134
0.5562035622489062,15663,banner,Android,Utility,1.175180959776092
4.496357213971301,22754,Video,Android,Gaming,3.9897316609669486
4.51204848010032,4972,banner,Android,Finance,3.5646883294826
3.2021971406390133,6295,banner,iOS,Gaming,2.1316505092770734
1.7612459761386334,47681,Video,Android,Finance,3.5467759654956117
1.8111269156020386,42873,banner,iOS,Gaming,1.8850844529980217
3.6571828264641733,30125,Video,Android,Social,3.208006117381393
4.4958402737676275,41996,Interstitial,Android,Utility,2.440617939621916
4.446723478899075,10903,Video,Android,Utility,3.915512254644943
3.921390174702357,4020,Video,Android,Social,3.8320104922872043
3.2459550661560104,42755,Video,Android,Social,3.1500263142522926
0.5122858284757393,21420,Video,Android,Utility,2.402762414799651
0.8919806990636076,22452,banner,Android,Social,1.2409020506617099
4.502915523782688,46648,banner,Android,Finance,3.038180081202714
3.071502392331991,39001,banner,iOS,Gaming,2.1175642561243526
0.1450655529214853,10516,Video,iOS,Utility,2.6640861375521623
0.5972105600435573,48327,Video,iOS,Social,2.2907652183917917
3.351158668629474,3396,Video,Android,Finance,4.399455059131524
0.12480176084647157,19546,banner,iOS,Utility,1.8017072129618938
0.8879594519457434,20129,Interstitial,Android,Social,1.9519268110927968
2.788795567896272,2591,Video,iOS,Utility,3.99368696093494
3.4902864686941975,12303,Video,iOS,Social,3.4691067663979864
3.2946101715627427,31561,banner,Android,Utility,1.6749566938397673
1.198919616356743,7183,Interstitial,Android,Finance,1.4370083321593041
3.589678184602926,27572,banner,iOS,Finance,2.797267843802414
1.2625205287343204,35080,Interstitial,Android,Gaming,0.7768727661045947
1.6944585209804122,21695,Video,iOS,Utility,2.948419440540048
3.7578078850783188,8314,Video,Android,Gaming,3.7929434262934576
3.283201205331352,20623,Interstitial,Android,Utility,2.2359442285035507
4.261194711421472,3139,banner,iOS,Social,2.8425680479067554
3.322303172271683,48456,Video,Android,Social,3.470088711967391
2.884712156343811,32290,banner,Android,Gaming,1.9887837531902766
0.5590063623576532,19088,Interstitial,Android,Utility,0.6508729769357393
1.9018074349912244,40692,banner,iOS,Gaming,1.5945308372503721
1.3994916016404548,34130,banner,iOS,Finance,1.9945220027016777
1.2955492525575096,33088,Video,Android,Gaming,2.3883594848820016
4.867751718286983,27292,banner,iOS,Gaming,3.0357381803814185
2.026178850867126,47249,banner,Android,Social,1.7366991116271413
4.471028120367855,21670,Interstitial,Android,Gaming,2.0147870920570248
3.1925792673865887,4738,Interstitial,Android,Utility,2.2212068771760385
3.9945753873540775,3469,Interstitial,iOS,Social,2.5670537153016024
2.5629217562154416,23534,Video,iOS,Gaming,3.031139714862385
2.92682903466916,49874,banner,Android,Finance,2.0734079850661855
2.5133366997124336,10017,banner,iOS,Gaming,2.40335727290872
1.0566906402104181,3808,banner,iOS,Gaming,1.1440897776049326
3.640015364781376,48638,banner,iOS,Gaming,2.3224061362005304
1.4757845759601935,13713,Interstitial,Android,Social,1.409563294317151
0.21914823551412382,41329,Video,Android,Utility,2.1855910637288694
3.2628142499451225,3719,banner,iOS,Finance,2.506133038730136
0.9678423290945398,23890,Video,iOS,Gaming,2.664386525904581
4.70824706332928,12700,Video,iOS,Utility,4.290832688069977
4.774250027312678,37509,banner,Android,Utility,2.71383464019165
4.582835512080198,43534,banner,Android,Social,2.807838982222496
1.9137776312516777,37766,Video,Android,Finance,3.397285557480611
0.1757374209914504,27705,Video,Android,Social,2.292692801341057
4.648760956679855,19787,banner,Android,Utility,2.190437112889928
2.1981023267548405,49845,Video,Android,Utility,2.980330088748118
4.836608613313981,27588,Video,Android,Utility,3.694111756013042
4.821737887737339,27123,Video,iOS,Social,4.899761129869578
4.279746331790064,34062,Video,iOS,Finance,4.491537988429741
1.54279957114097,11177,Video,iOS,Gaming,2.625390188601731
1.986978870149434,22727,Video,iOS,Social,3.0238836896311594
4.270569690432599,31220,Video,Android,Utility,3.847980007455044
1.6529178252657608,10882,Interstitial,Android,Social,1.854013505416088
0.9305144587618532,2136,banner,iOS,Utility,1.6870723149194808
2.828326186045916,35832,banner,Android,Gaming,2.1740173034067727
4.6871583933878265,32966,Video,Android,Gaming,3.541854304626756
3.510546003707368,8009,Video,iOS,Finance,3.906860906957004
2.8932997334378885,13987,banner,iOS,Utility,2.53313019127583
0.5761648194767659,38311,Video,Android,Finance,3.36280221248874
3.113535410825932,32575,Video,Android,Finance,3.7502537277322983
4.9512638655108905,2007,banner,iOS,Gaming,3.1945721023454325
0.7864116746589678,6445,banner,iOS,Social,1.2887182735575125
2.6398152965823103,11706,Video,Android,Social,2.8907017685758296
4.399128052446982,48517,Video,iOS,Finance,4.247432463607971
3.729766226995602,45486,banner,Android,Gaming,2.264743824109176
3.5153771308768134,30257,Video,Android,Utility,3.8712202786503647
3.542172011536836,22736,banner,iOS,Social,2.7703656654492756
1.8615066409768006,43207,banner,Android,Finance,2.3195444536515035
1.5386000368960178,14281,Interstitial,Android,Social,1.3448555953874832
4.065869661844717,2435,Video,iOS,Social,3.981157632373329
4.069555633927986,34339,Interstitial,Android,Utility,2.651808992146155
4.348654361042508,36150,banner,Android,Gaming,2.3647430322251304
4.574878707526709,26821,Video,Android,Utility,4.061042021703789
2.6055777544185954,27660,Video,iOS,Gaming,3.1497793158548912
2.5574298439672782,6084,banner,Android,Social,1.723742068484543
4.011646376937199,17661,Video,Android,Finance,4.7577169398617905
3.2848232608110495,14507,Video,iOS,Utility,3.2714462191191354
3.5396376985627467,8059,Video,iOS,Gaming,4.200245652179507
3.9993840802368954,19271,Interstitial,iOS,Social,2.520741084239589
4.461026174906075,46539,banner,Android,Gaming,2.2345672533860235
1.7561762685725257,8491,banner,iOS,Gaming,1.6738021563693155
1.940356467935726,48295,Video,iOS,Gaming,3.444308078925559
0.5605115052202582,15859,Video,Android,Social,2.2863190763756878
2.933572690881253,9073,banner,iOS,Finance,2.6444248594631143
0.2761171416040362,10077,Video,iOS,Finance,3.474248089835765
2.381430288849055,21953,Video,iOS,Finance,4.098469451252542
2.758958710067126,12383,banner,iOS,Gaming,2.8495684626838464
1.5040521354285938,3353,Interstitial,iOS,Social,1.7119011137330296
2.995082976788153,24821,banner,Android,Gaming,2.203606562124333
0.2494512247013422,38567,banner,iOS,Finance,1.8465625274649367
0.2830061248711506,25860,Interstitial,iOS,Finance,1.1687367905967916
4.1307427472323255,22195,Video,Android,Social,3.882240889076657
1.8649341429151884,12939,banner,Android,Gaming,1.2642356234693486
0.7225965119942355,26338,Interstitial,Android,Utility,0.8034092159258078
2.6589919742685417,22730,Video,Android,Utility,2.9631093855537034
3.8729684101831934,22427,banner,iOS,Finance,2.2153428633214904
1.1575230347345318,36196,banner,Android,Social,1.2407557792264388
3.1521633315131017,28083,banner,Android,Gaming,1.9075496954641218
0.5182025784694633,22510,banner,iOS,Gaming,1.3528247079995164
0.35324043372617775,45064,Interstitial,Android,Finance,1.5817502846932572
2.7036376946839256,8813,banner,iOS,Finance,2.138567151292005
2.7491120958895223,32598,Video,Android,Gaming,3.71637074171497
3.2234065173412123,48182,Interstitial,iOS,Gaming,2.3730307407803735
3.657847535241042,28570,Video,Android,Finance,4.7706660669928365
4.88167518936642,28082,Video,Android,Gaming,4.689428007321686
2.6298717066758575,30241,Video,Android,Utility,3.1977421161353483
1.6824867174121054,31678,Video,iOS,Finance,3.054335268268703
3.9964123543666483,45569,Video,Android,Gaming,3.5580673856148035
1.4270780311841638,12745,Interstitial,Android,Finance,1.9296118183027273
2.250959961457617,27029,banner,Android,Social,1.094670804950223
0.4844362685771032,14025,banner,Android,Finance,1.0079663495188984
0.22421864273574182,37124,Video,Android,Finance,2.3943952074933965
4.8169772319218325,15288,Interstitial,Android,Social,3.1779720829809026
4.196302590509808,24650,Interstitial,iOS,Utility,2.9336488715785616
3.5102736098591203,7540,banner,Android,Gaming,2.0873052547035345
2.1038694276299226,33232,Video,iOS,Social,3.6049545635280924
0.9491421683471444,17422,Video,Android,Finance,2.881916304949206
0.8665415090883216,4342,Video,Android,Gaming,2.539116644573049
1.3261902010065172,42846,Video,Android,Social,2.8891128038305762
2.7912106570599904,36612,Video,iOS,Gaming,3.213933555923402
3.601520021230306,11396,Interstitial,Android,Gaming,2.1562467016956988
3.3349671459168837,18482,Video,Android,Social,3.8719804207503046
1.4716760950351202,24411,Video,Android,Gaming,3.1712381371529657
4.778839875249651,47766,Video,Android,Utility,4.279044452473581
3.715694891809266,14261,Video,iOS,Social,3.832034806286994
2.8163348573058635,4093,Video,Android,Utility,3.6501938382053476
3.097431656548326,12722,Video,Android,Finance,3.828029995653673
2.156040305896171,23042,Video,iOS,Gaming,2.8609405598610085
1.3138818485556718,45413,banner,iOS,Finance,2.016117499303213
1.844266125391182,48851,Interstitial,Android,Finance,1.592919881227232
3.813445941275409,29087,Video,Android,Gaming,3.7424446768929016
0.17052809428580376,33347,Video,Android,Social,2.4763094937228325
0.6687559384838896,34756,Interstitial,Android,Gaming,0.5411499718149306
0.3254129459065885,40214,Video,iOS,Finance,2.9169629067401335
0.29957113136295366,17335,Video,iOS,Finance,3.4117199186326364
4.291756861653935,29602,Interstitial,iOS,Social,3.1215574832575035
3.5479235109621166,49901,Video,iOS,Gaming,4.064007952481085
2.4234517625278937,35450,banner,iOS,Finance,1.9756361475118194
0.5793873871899072,33196,banner,iOS,Utility,1.038895271940449
2.5089177880724787,6626,Video,Android,Finance,4.198005849731204
2.420011676824772,8424,Video,Android,Finance,3.5649948973217467
0.9486891625590744,13857,banner,Android,Social,0.6352818585898774
2.225873081266068,45923,Video,Android,Utility,2.7597421005009375
2.05267319854713,20982,Video,Android,Finance,4.274477885409854
3.117665480455861,12425,banner,iOS,Finance,2.6514988390321683
3.211958889251455,2980,banner,iOS,Utility,2.523216053646906
0.32198964788301815,49290,Video,iOS,Gaming,2.3318139171948813
1.9356018116697091,27431,Interstitial,iOS,Gaming,2.0219670662620874
3.1667135869997587,20440,Video,Android,Finance,3.543186238132373
2.56536766704243,42752,Interstitial,iOS,Finance,2.799497210482889
4.296800221822779,18175,banner,iOS,Gaming,2.4282382919961387
3.3275987949328307,49651,banner,iOS,Social,2.20991687822704
0.8983786926990055,27385,Video,Android,Utility,2.4225693262736474
0.4457868622621063,39158,Interstitial,Android,Utility,0.3954313452927736
3.2478544632109467,24019,Video,Android,Social,3.019438152439244
0.2299054216539469,19639,banner,iOS,Social,0.7244028166785756
2.9703003482399706,20994,Video,Android,Social,3.072805609741809
4.707128182982292,35375,Video,Android,Social,3.6558883013075185
2.919823471591807,22563,Video,Android,Social,2.9600412745490887
2.0020326384119573,40341,Interstitial,Android,Social,1.9359894031471943
3.252112270367531,6776,Interstitial,iOS,Utility,2.5013749718104066
2.345439163408432,37444,Video,Android,Social,3.077116943744434
2.7735222676480813,4380,Video,Android,Gaming,3.06068460255529
4.713177563004973,9711,banner,iOS,Social,3.0742181910879856
1.991902925223794,9782,Video,Android,Social,2.923297337809655
4.809833762737179,18434,Video,Android,Utility,4.07243086707285
4.536218145584712,47765,banner,iOS,Utility,2.1645534343368538
1.0593765604675527,21017,banner,Android,Social,0.7008219671641769
0.4398703742883108,31707,Interstitial,Android,Utility,0.49342229686393385
0.5938122067493906,40110,Video,Android,Finance,2.9989582366043357
0.1892869456925937,18343,Video,iOS,Utility,2.202470074124385
0.5627705077040491,39827,banner,Android,Utility,0.5611336107571876
3.446733189740149,42652,banner,iOS,Utility,2.5257148308082753
0.44882437745512205,6655,banner,Android,Utility,0.5525962801433467
1.6629805884394306,45859,banner,iOS,Gaming,1.2437023691614106
4.239889023750328,16251,Video,Android,Gaming,3.625512425265607
0.21403248510554676,1526,Interstitial,Android,Gaming,1.135510653409426
4.090895564685786,4224,Video,Android,Social,4.075957408704259
1.48108839638966,48837,Video,Android,Social,2.857339946028051
0.6790076553461156,12536,banner,Android,Finance,1.412045838629251
3.5140121102843387,29541,Video,Android,Gaming,3.3278995222376
3.181819949221432,14547,Video,iOS,Social,3.5478006392950157
4.39961286628256,35531,Interstitial,Android,Utility,2.68312604783522
3.7018481146390405,9712,Video,iOS,Utility,3.924863122053087
4.037056558885758,39565,banner,Android,Gaming,2.2300498445222567
1.481969405599402,10208,Video,iOS,Finance,3.256005598820043
0.9694537645206418,6109,banner,Android,Finance,2.1252779341559402
3.7780122830402063,36201,Video,Android,Utility,3.673157331881504
4.053490222409594,17967,Video,Android,Finance,4.395589478346033
4.953475195803299,30759,Interstitial,iOS,Gaming,2.679553143854684
2.12182661686599,21172,banner,Android,Utility,1.7514164888850479
1.9228886203846378,37935,Video,Android,Social,2.8243604115048533
3.904423507635785,27589,Video,Android,Social,3.9196917336692922
1.7699373472397877,31015,Interstitial,iOS,Finance,1.9566047795768298
4.660710895457467,30009,banner,Android,Utility,2.2513747187948203
4.306222484030758,18773,banner,Android,Utility,2.5194086201771775
2.2020707341375902,42125,banner,Android,Social,1.9355155081734257
3.7792682321783375,27143,Video,Android,Utility,3.463622417045567
3.797260083014944,7154,Video,Android,Utility,3.6769472158899
0.6053069572960698,22804,banner,iOS,Utility,0.7961763378190885
4.5225092427298765,42688,Video,iOS,Finance,4.14837975778796
2.5757366249945,21581,Video,iOS,Utility,3.456113055866012
4.1496415839279335,31087,Interstitial,iOS,Gaming,2.9556454867172035
1.6682430450499979,33981,banner,Android,Finance,1.7537336575570828
4.488063819631383,4762,banner,Android,Utility,2.8135587519180305
2.0070882257973994,47167,banner,iOS,Utility,2.194037351010442
0.15310449225346198,10768,banner,Android,Gaming,0.6890279034559049
4.536371684454392,44408,Video,iOS,Finance,5.168628898260807
0.5473047162520545,40499,Video,Android,Social,2.5520919629187744
1.6646368241930332,39559,Video,Android,Social,2.676320309035517
4.755303638548944,49590,Video,iOS,Finance,4.774628804728511
4.757975019994025,9783,banner,iOS,Utility,3.2974744499142274
2.909845651804102,47389,Video,Android,Utility,4.093030610048412
3.1960023396320167,30781,Video,iOS,Social,4.455491688442024
2.297383057693767,31811,Video,Android,Social,3.095769471159645
1.5367327813205165,49787,Video,Android,Social,2.6963525675024433
1.7104562723125885,36488,Video,Android,Gaming,2.9170545783483504
3.3953404347774887,9905,Video,iOS,Social,3.520112571153139
3.7866351942446324,10127,Video,Android,Gaming,4.038730277995481
3.978737314256658,23431,Video,Android,Finance,4.703599709458453
3.9691288996933145,7368,Video,Android,Utility,3.6739303720197616
0.5469099049385828,28424,banner,iOS,Social,0.9850195640493928
2.5226594930426494,47824,Video,Android,Utility,3.3649764368945347
0.382037924081557,46004,Video,Android,Utility,2.5564200480017956
2.7926915233863046,19333,banner,Android,Social,2.098562677570945
2.2634994567295474,24116,Video,iOS,Social,3.3472013440037136
4.449750495515668,48219,Interstitial,Android,Finance,2.5785805914587754
1.8194835615051859,44201,banner,iOS,Gaming,2.1801686154241615
0.6736283804952687,16525,Video,Android,Gaming,2.580729279647266
0.8006592420588957,24398,banner,Android,Utility,0.6759031241912157
3.8314020954156143,33857,Video,Android,Social,3.6760554653538007
3.1292685102496796,11361,banner,Android,Finance,2.5318279201362546
0.5955011130016722,17369,Video,Android,Finance,2.9910868478176837
0.5121233499634875,4041,Interstitial,Android,Finance,2.0351180368780533
3.534748744149688,1105,Video,iOS,Finance,4.3877012444924315
0.45653873118454835,10078,banner,Android,Finance,1.089190613965258
4.127114290522745,26003,banner,Android,Gaming,2.405542670544229
3.5605869130668317,7090,Video,Android,Gaming,3.2371864082253343
0.4986090251453089,39850,Video,iOS,Gaming,2.5192586772292187
0.5157047990174405,2925,banner,Android,Social,1.2583839492462892
4.93453393465576,19440,Interstitial,Android,Utility,2.6877079230914176
1.9339268992049898,40685,Video,iOS,Finance,3.529712059189317
1.9161465206277657,27015,banner,Android,Social,1.5161028531404035
4.082717879561763,34320,Interstitial,iOS,Finance,3.2191206409984225
4.741518029180908,26291,Interstitial,iOS,Gaming,3.438022190394209
4.931405212732067,37679,Video,iOS,Social,4.249640440964665
3.7915531077688143,27289,banner,iOS,Gaming,2.448329421386327
1.9436719691014874,4389,Video,Android,Finance,3.395655820432295
0.509153511823477,26683,Interstitial,iOS,Finance,1.8353373024639186
3.9080198880444406,14629,Video,Android,Utility,2.9779758987234293
2.836180823705445,25826,Video,iOS,Finance,3.670875800253954
2.178687845310184,36198,banner,Android,Gaming,1.7314732832984716
4.541136486964207,27630,Video,Android,Finance,4.632019686469288
0.6448676633001416,34226,Interstitial,iOS,Utility,0.9167462664041648
2.5138630110252103,47163,Interstitial,iOS,Utility,1.789449814757163
0.15563285936035345,33975,banner,Android,Gaming,0.17232488509739008
2.396437145771219,1899,Video,iOS,Social,3.4241313750240674
0.375886050841003,12653,banner,Android,Finance,1.254293741636531
0.6822077897135524,28961,Video,iOS,Utility,2.776378756894242
0.675878609207814,17405,Video,Android,Finance,3.179423110464432
3.2811304803687116,9601,Interstitial,iOS,Finance,2.5899628486498925
3.7556199084005746,34662,Video,Android,Social,3.660061266806842
2.9585069489760825,34282,Video,iOS,Utility,3.7144072077226467
4.814645487525255,22288,Interstitial,Android,Finance,3.3689326187129938
1.9368658396661502,30545,Video,iOS,Utility,3.5344274024049147
1.4999892227811178,37877,Video,Android,Gaming,2.4553341490665486
4.356135728128355,47026,Interstitial,Android,Gaming,2.307485187696502
1.1956196087453181,16313,Video,iOS,Finance,3.7702000588237774
4.819790443258995,16349,banner,Android,Utility,2.4063319239476586
0.15955692598010007,8179,Interstitial,iOS,Finance,1.393435980995426
4.852406250867431,11326,Interstitial,Android,Utility,2.7906443414284627
0.311483568557823,45555,banner,Android,Utility,0.6486338836478482
4.466601257120549,2560,Video,Android,Social,3.735368905904349
2.6857354345228694,14612,Video,iOS,Social,3.9928818979143204
4.965527500984572,18650,Interstitial,Android,Social,2.8727155306098067
0.4616031672034544,27745,Interstitial,Android,Finance,1.4241870699962236
2.813885993566472,32890,banner,Android,Social,1.8862821574767095
4.849582424533585,21022,Video,Android,Social,4.075844808868065
2.6631794364337296,5780,Video,Android,Gaming,3.5949686999658574
3.1840533268627866,19311,Video,Android,Utility,3.705798171601821
3.5091685760246243,29380,banner,Android,Utility,2.3751655140204173
2.327251217362089,45662,Video,iOS,Social,3.5067256346066378
3.175034592411911,3356,Interstitial,Android,Utility,1.8566327264297422
2.9631401284231913,5790,banner,Android,Gaming,2.1424384107075776
4.515674251405846,27911,Video,Android,Gaming,4.244191352076628
0.3226872636731436,25363,banner,Android,Social,1.1085114497154174
1.4767196290019287,21049,Video,Android,Gaming,2.7654295191248273
4.757016271975138,11181,banner,iOS,Utility,2.78801558243093
4.46229254106549,40825,banner,Android,Finance,2.8326157177176796
2.332718088649994,17082,Interstitial,Android,Utility,1.4395797336188472
3.1386497292275304,1661,Interstitial,Android,Finance,2.650875979427983
1.4591677966075502,38412,Video,iOS,Social,2.7855221311064695
1.0217936826464304,49479,Video,iOS,Finance,2.7858876835258646
2.372122184205913,3920,banner,iOS,Gaming,1.9498646800049584
1.831425917327659,26658,Video,Android,Utility,3.047482851937363
2.9599149480692732,49770,Video,iOS,Finance,3.9193168064245283
0.4808997211284257,15025,Video,Android,Utility,2.2938122648152763
4.874534557564216,9946,banner,Android,Social,2.1329413901009433
4.932432647950054,29706,Video,iOS,Social,4.8720108462173615
3.5209923986967517,46500,banner,Android,Gaming,1.923651400776547
2.72687219508619,40004,Interstitial,Android,Social,1.5879500473722126
1.6166853198030062,17309,Video,Android,Finance,3.2405851388890303
4.087595596564048,47286,Video,Android,Social,3.662778783400744
3.455182745514009,34120,Video,Android,Gaming,3.688291621339378
0.8968230027899674,31027,Interstitial,Android,Utility,1.2278142838460715
4.563543204019828,8005,Video,Android,Utility,4.287416263463471
4.130432490323528,47804,Video,Android,Social,3.291881320419831
4.754019575130428,1956,Video,iOS,Finance,5.013774277985162
3.656025591102964,35839,banner,Android,Gaming,2.059888726569986
3.1057344600853707,9595,Video,Android,Finance,3.8886271875864047
2.149390877824033,48908,banner,Android,Gaming,1.4744086420464035
4.670369568434665,13803,Interstitial,iOS,Social,2.7817344927529177
4.343713058552001,26963,Video,Android,Gaming,3.8024182306559537
0.3215714835203281,37221,Interstitial,iOS,Gaming,1.22770195520253
0.22919817503653483,40443,Video,Android,Social,1.81044666950733
1.9446704977024432,34723,Interstitial,Android,Finance,2.985476159552218
4.071711320830981,40063,banner,iOS,Social,2.5707059935197036
4.937653033643228,49689,Interstitial,Android,Gaming,3.308591537287416
0.8370427664072881,16282,Video,Android,Social,2.7884300919353198
3.0112405052254623,5703,Video,Android,Gaming,3.3412651149394126
1.9663651974920056,7563,Video,iOS,Social,3.398220620283871
4.852580549291556,26849,Video,iOS,Utility,4.556329904170173
4.2263827233649724,32860,Video,iOS,Utility,4.5486890791309325
4.207810653084575,32585,Video,iOS,Social,4.352503683016493
2.3965964829953545,23015,Video,Android,Finance,3.809777446016963
2.1326155614545597,13003,Video,iOS,Gaming,3.739298664685905
1.4396946524604608,44585,Interstitial,Android,Utility,1.3739419860050408
0.3762399335895429,27958,Video,iOS,Finance,3.2141868277047267
4.337139643649761,27017,Video,Android,Gaming,3.9796291593197255
4.083214944737381,12171,Video,Android,Utility,4.074320859601716
4.99861659910204,46350,Video,Android,Utility,4.257629590932314
4.983520501662136,13201,Interstitial,iOS,Social,2.776889241172463
2.821615357452875,30426,Video,Android,Gaming,3.339667171998637
3.8680383343845017,18778,banner,Android,Finance,2.8231340186729383
4.729352076423897,46241,Interstitial,iOS,Finance,3.021748126644988
4.263272214319316,43229,Interstitial,iOS,Finance,3.1989915481317173
1.3120056985416686,22116,banner,Android,Gaming,1.0679377117554105
2.3076662630194584,49364,Interstitial,Android,Finance,1.9405584442714297
0.7328811342423255,34297,Interstitial,Android,Finance,1.2553689393766099
4.7748500335677395,20342,banner,iOS,Finance,3.8366711083531606
3.0702557088093125,28490,banner,Android,Social,1.794223329183748
1.2203497469669675,20975,banner,Android,Social,1.0338864996588355
3.3913333535886983,27723,banner,Android,Gaming,2.287647691230957
3.1288283782436896,24279,banner,Android,Gaming,2.003885887797027
1.8549973183609187,13765,Video,Android,Finance,3.513804403607653
0.6564322017781822,47678,Video,Android,Social,2.3306396370548432
3.3907086584047184,12561,Video,iOS,Utility,3.2832265468318673
2.6495077344285876,42899,Video,Android,Utility,3.2602177842358917
3.884360119504633,1525,Video,iOS,Finance,4.8761624908888574
2.648801155448768,23861,Video,Android,Finance,3.4916925748584084
4.275689351560847,34142,banner,Android,Social,2.3451846437764967
2.8043435099949794,27916,Video,Android,Social,3.7506817959901464
2.848596060523393,45965,Interstitial,iOS,Social,2.4105058463674327
4.3956026530258905,5648,Video,Android,Gaming,3.7023804544076944
2.0770660444407456,36133,Video,Android,Gaming,3.3706254393985726
0.7566746194081396,31523,banner,iOS,Finance,1.608899548726256
0.24103511393536098,30052,banner,iOS,Gaming,0.7040825421902777
3.8001725528007335,35414,Video,iOS,Social,4.237794944868069
3.139516801631977,33781,Interstitial,iOS,Social,1.9622685403302547
3.5499908636861957,5599,Interstitial,iOS,Gaming,3.003311685589421
1.1435243913936628,36046,Video,iOS,Utility,3.3321258022412255
0.7682202303751718,48064,Video,iOS,Finance,3.3465431749671413
0.17126886177262146,36923,Interstitial,Android,Utility,0.390722412867652
1.8178790381523253,42089,banner,Android,Finance,2.2053206931435922
2.9905966655877023,4814,banner,Android,Utility,2.17016560932691
2.0219958209886886,46893,Interstitial,Android,Gaming,1.8414457457214275
2.243627117916273,36984,Video,Android,Finance,3.9167560988086207
4.530377603019367,27616,Video,Android,Finance,4.692222703196967
1.806451788414172,3113,Video,Android,Finance,3.3192421933535696
2.618548496883073,44006,banner,Android,Social,1.6306031502165323
3.9398997624316014,14760,banner,Android,Social,2.644031004785642
2.0430596333742237,22927,banner,iOS,Utility,1.7895488781753293
3.1482248311165804,21939,Video,iOS,Gaming,3.991081008960012
4.325582172859051,33419,Video,Android,Social,4.432152912825766
4.752651055922446,13588,Video,Android,Finance,4.792847864439249
0.8206600565522859,37142,banner,iOS,Social,1.3993861598870052
4.640279363291323,40198,banner,Android,Gaming,2.796144596659443
2.511369836089737,45738,Video,Android,Social,2.597850902717923
1.3653975026648961,34397,Interstitial,Android,Finance,1.6370152082674039
2.3497652055674805,17653,Video,Android,Utility,3.5316841390297267
4.902159618898837,11831,Interstitial,Android,Finance,3.5384494761807144
2.5138286605650615,6724,Video,Android,Gaming,3.209853575960948
1.7108828904087905,12083,banner,Android,Utility,1.4810456117857302
3.203664186151957,46917,Video,iOS,Social,3.865168800069521
1.2767135320131462,20816,Interstitial,Android,Social,1.068638151768031
0.4717303077324533,43240,Video,Android,Social,2.4125923859687655
0.7315106373621812,7276,Video,Android,Utility,2.660653006222727
0.727424610893085,49403,Video,Android,Finance,2.9333204887488336
0.8443231982102424,39663,Video,Android,Utility,2.5938545338100654
0.7802531459821097,14994,Video,Android,Utility,2.3669607273779243
3.240286249535752,24499,Interstitial,Android,Gaming,2.197305581339322
0.9912124135558097,24040,Video,Android,Utility,2.4988605580157204
1.7937696882869298,44320,banner,Android,Social,1.4180635218759334
4.494263208539458,17959,banner,Android,Finance,3.132852380271625
2.422412037288075,7099,banner,iOS,Finance,2.582254828090583
3.3710329187530337,43267,Video,Android,Finance,3.9716690816287943
0.9443673688879862,20576,Video,Android,Social,2.281491984655754
1.0422161921624868,36946,banner,Android,Social,1.1082702335321242
0.30025621970574645,7116,Interstitial,Android,Social,1.4030380636925708
0.9277818090536063,16563,Video,Android,Social,2.3310496494949944
1.4650926612565975,27788,Video,Android,Social,3.17450161016057
0.9673513729560594,27928,Video,Android,Utility,2.604182052707662
0.5346424154095726,37336,Interstitial,iOS,Social,1.3803818656910558
0.691115768392944,10847,Video,iOS,Social,3.19787768547851
2.3578159633603564,27155,Video,iOS,Social,3.4248743029145334
1.1110352201883835,15135,Interstitial,Android,Social,1.2905017696207524
1.88492231913557,18774,Video,Android,Finance,3.7544962441186183
2.566744627188799,2742,Video,Android,Social,2.865147127554067
3.4829346602838904,19309,banner,Android,Utility,2.178507743817927
0.2926294852213848,1619,Interstitial,Android,Utility,0.4605587408969842
4.017110954654309,18658,Video,iOS,Utility,4.284028263822237
3.1767119085054483,35707,Video,Android,Gaming,3.823948077711291
0.5006192565494724,21337,Video,Android,Finance,2.8806723408909884
4.380535258123208,17001,Video,iOS,Social,3.8619875899107163
4.612274762605884,1968,banner,iOS,Gaming,3.2071021958285115
0.39928200328883245,48614,Video,iOS,Social,1.6553213717239519
1.4567004759212985,26892,Video,iOS,Gaming,3.199450423899942
4.050386270986,26619,Video,Android,Gaming,3.7865650225883294
3.7664724828799265,1281,banner,iOS,Utility,2.946478942448411
1.004152994846249,28420,banner,Android,Utility,1.3134773280260745
1.1258116843498807,16360,Interstitial,Android,Gaming,1.06711530706157
1.9153133036777719,40030,Video,Android,Utility,3.085370166628158
2.4741626274360047,2058,Interstitial,Android,Gaming,1.7526171787139002
3.1294483804984505,21677,Interstitial,Android,Finance,2.322672139135473
1.907676833891885,11724,Video,Android,Utility,3.348841075796884
2.366420109052425,29404,Video,Android,Utility,3.006839924445585
3.7626075968554074,38946,Video,iOS,Utility,3.939688660326289
0.27974769416392975,40748,Video,Android,Finance,2.8865084087273614
1.3369410272857019,30856,Video,iOS,Gaming,2.528323779152623
3.595412970834307,10200,Video,Android,Social,3.791080144801305
4.486513504667276,34997,Video,iOS,Utility,5.0737727155154095
2.6072194663667645,26611,Interstitial,Android,Gaming,1.5580008179118208
2.707356077800047,42235,Video,Android,Finance,4.494953461079073
0.6251428555649027,36057,Interstitial,Android,Social,0.6585460180442428
2.292320597434928,2239,banner,iOS,Utility,2.4876343378622154
2.709824605629614,39138,Interstitial,iOS,Finance,2.2089005936397825
1.2881054678101755,49938,banner,iOS,Finance,1.799605444742627
1.419291831651967,1125,Video,iOS,Social,2.9828563927805507
1.9486923992126512,46272,banner,Android,Gaming,1.832518766667869
0.19834886911085922,24857,Video,iOS,Utility,2.8081683774039727
1.6781879113575737,16398,Video,Android,Utility,2.854575594612705
1.136095234283069,7638,Interstitial,Android,Gaming,1.4209842494674831
1.704737025671782,7570,Video,iOS,Gaming,3.4748568858228657
0.686834445914331,4249,Video,Android,Gaming,2.073970749092299
4.463583675625485,10110,banner,iOS,Social,2.5543531791594645
3.008603022414839,41363,Interstitial,iOS,Social,2.0603710546500227
3.4276013638079994,14605,banner,iOS,Utility,2.5076228221262014
3.966939069175958,13115,Video,Android,Social,3.784683354696072
2.542366774752381,40062,banner,Android,Finance,2.4448211887788855
0.5259094116283761,23911,Video,Android,Utility,2.1043278796439346
2.7318220549108845,39525,banner,Android,Social,1.2583181381311799
2.975521478302308,33556,Interstitial,iOS,Gaming,2.4539814684188195
3.7526534235032174,13595,banner,Android,Finance,2.418355642643295
2.2151317765254293,2969,Interstitial,Android,Gaming,2.1421327213871075
0.7251434836982624,44753,Video,iOS,Utility,2.9289759074840034
1.4905019384137501,18275,banner,iOS,Gaming,1.8231899462104155
1.8791032523533122,5470,Interstitial,Android,Social,1.6390708781700742
3.2649944825248465,11225,Video,iOS,Social,3.6261464954559584
2.8968136928776684,43324,Interstitial,Android,Utility,1.5730713337066957
1.8448739568994468,42974,Video,iOS,Gaming,3.3604826155077205
4.9339247190856,43759,banner,iOS,Utility,3.0697154373379107
3.068296614848747,24196,Interstitial,iOS,Gaming,2.232238545770601
1.262411279506373,41287,banner,iOS,Finance,1.947282213538262
0.5987341158399784,14669,Video,Android,Social,3.0101822408955705
0.849009782003227,38380,banner,Android,Utility,1.2683386241224617
1.30519286908409,46141,banner,Android,Finance,1.965914530212716
0.8873387289718229,49320,Interstitial,Android,Finance,1.0276168080001473
1.0141784178513984,48414,Video,Android,Utility,2.5777738502099465
1.496966326599851,39006,Video,Android,Utility,2.685559117528236
0.9495306169442986,16577,banner,iOS,Finance,2.231380821760837
4.4941505806694835,23473,Video,Android,Gaming,4.190922798363662
0.4931453537420468,29625,banner,Android,Finance,1.486962511243849
2.670105808894248,16504,banner,iOS,Utility,1.8653628150806867
2.1109444522493415,25089,Interstitial,Android,Finance,1.6251625894361792
4.913655222852172,37487,banner,iOS,Gaming,2.6198965359548967
0.6489906206234565,1302,banner,Android,Social,1.1103377341731997
2.049492435324134,32463,Video,Android,Social,2.8478706839868564
4.850405123049307,45912,Video,Android,Finance,4.682410462191493
4.340984916880504,30259,Video,Android,Gaming,4.14655668367009
4.103653147651472,43823,Video,Android,Social,4.28701400432933
1.3637238525202053,38208,banner,Android,Finance,1.964816423835127
0.9373491782113226,31659,banner,Android,Finance,1.9211035337351439
3.3763517776297123,36840,banner,iOS,Gaming,2.42375392342027
4.65394234672517,32890,Interstitial,Android,Utility,2.9757712155177964
2.8281381757682564,14598,Interstitial,Android,Finance,2.8791075556972263
2.9009021784025095,48055,Interstitial,Android,Utility,1.9615574457579925
1.4718975589353926,47733,banner,Android,Utility,1.5355578031176922
3.870515372640491,20508,banner,Android,Social,2.9272872036298807
1.0165143679318647,43287,Video,Android,Utility,2.006132943220669
1.6860282583807942,14380,Video,Android,Gaming,2.872230447374405
2.1846385492204425,27984,Video,Android,Social,2.9586984093401796
2.58729085555383,45633,Interstitial,iOS,Social,1.56302198619868
1.2878076888338934,9125,Interstitial,Android,Social,0.733581903301729
0.6627004412220974,37059,Video,Android,Finance,2.755623222178527
3.092038207964,5033,Video,Android,Finance,4.022489158380178
1.5142897108772535,38873,Interstitial,iOS,Utility,1.7527781857865983
2.9480672849708003,18087,Video,Android,Social,3.4146947172666353
0.8563773048435913,41901,Video,Android,Social,2.764197972948388
2.457586499088606,6704,Interstitial,iOS,Gaming,2.271203680395307
2.709688219502771,8848,Video,Android,Utility,3.488836311135935
0.3539353304298919,22592,Video,Android,Gaming,2.472989195388566
1.749360963150211,46743,banner,Android,Utility,1.1775177620128492
0.7586319170009738,7924,Interstitial,Android,Utility,1.3492585086972113
0.410537355316562,28208,banner,Android,Finance,1.2856734471130682
4.950805138710732,20614,Video,Android,Finance,4.859026789770957
1.6795338403761428,1488,Video,Android,Gaming,3.2039631132142383
4.068384784687711,40882,Video,iOS,Utility,4.1842123447597475
1.347739208342443,26923,banner,iOS,Social,1.1142117771617588
3.4393633388972535,49508,banner,Android,Finance,1.9015778890792894
3.8251165134594647,36941,Video,iOS,Social,3.720405127275547
3.0186298289784372,30165,Interstitial,Android,Gaming,2.184122039315986
2.4107233238957764,2667,Video,Android,Finance,4.219999900627658
2.118020479321616,27213,Video,Android,Finance,3.0782534128707244
1.8094545060606773,5114,Video,Android,Utility,2.371751383373476
4.654692806814347,37321,Video,Android,Gaming,4.150156822088662
4.170035098159873,8761,banner,Android,Utility,2.474144059000797
4.828631862265912,32116,banner,Android,Finance,3.4730721990702556
0.7090563950791692,34768,Video,iOS,Gaming,2.8155661427547347
3.6812506284978572,49406,banner,Android,Finance,2.33298868820542
4.697868238423085,26426,Video,Android,Gaming,3.7326085348408187
0.9880420242117348,18772,banner,Android,Finance,1.494931351796552
0.42583171009720977,39218,Interstitial,Android,Social,0.8110809442635787
3.7314911815212897,4712,Video,iOS,Social,4.247448750401452
2.9149182545815684,2367,banner,Android,Utility,2.02375751087504
4.224961006115533,41957,Video,Android,Social,4.0077411359435855
0.7848846454688185,42781,Video,Android,Finance,3.1554569940683845
3.9968098281134625,27200,Video,Android,Finance,4.237945120628108
1.0879738682339484,4726,banner,Android,Social,0.7352778131078221
0.9019141200419521,24616,banner,Android,Utility,1.6529553967548718
0.9049024098618654,28723,Video,Android,Social,2.6654455373683636
4.091416129133773,38574,Interstitial,Android,Gaming,2.661866114492341
3.359466381411381,35958,banner,Android,Gaming,2.2549269582403904
2.663020581368685,10108,Interstitial,iOS,Gaming,1.8537954291419378
1.8582693722051624,13178,banner,Android,Social,1.2983862053019388
4.398282649984231,36643,banner,Android,Social,2.614037343815773
2.0229810263709136,32324,Video,iOS,Social,3.2940791375526723
4.101337253410728,39360,Video,iOS,Gaming,3.9605567771029535
2.2517610519940705,18824,Interstitial,Android,Utility,1.6124795064485005
1.9470277041820474,46360,Video,Android,Finance,4.096756525320913
2.367130949781072,9927,Interstitial,Android,Social,1.892170336501278
1.5767515834042964,29144,banner,Android,Utility,1.075640672265201
3.763285962863631,32010,Video,iOS,Finance,5.282111045965547
2.563329911453148,23443,Video,iOS,Finance,4.202173299586169
1.237842206219405,15437,Video,iOS,Finance,3.7777540879496936
4.507915409045386,45298,Interstitial,iOS,Utility,3.470164673940599
1.981066984728736,40778,Video,iOS,Utility,2.8948175440605803
2.7634090194585443,12207,Video,Android,Gaming,3.0431584031530097
4.54171334372628,26537,Video,Android,Utility,4.156860901488289
3.1587661799785614,36757,Video,iOS,Utility,3.9522552500416186
0.6728003994709839,13040,Video,iOS,Utility,2.8073633309484145
4.705177405706028,42986,Video,Android,Finance,4.784759925807689
3.1757694600499478,23612,Interstitial,iOS,Social,2.71217618922843
1.7410375118197223,29441,Video,Android,Gaming,3.4508514874574114
0.7824331560505976,7471,Video,Android,Social,2.2336290961405596
3.9907234274244505,36631,Video,Android,Social,3.8960260160365525
3.1383565040497166,44461,Video,iOS,Utility,3.7772352574912507
2.7139593506839756,27523,Interstitial,iOS,Gaming,2.0676048227549955
4.480073656949693,32348,banner,Android,Social,2.7249405822645394
3.964126335000201,2177,Video,Android,Social,2.8837235497210454
0.8432069106904808,5760,banner,Android,Gaming,0.7907672600864031
1.6274381321981866,33779,Video,iOS,Utility,2.7646524574543863
1.3175967850908823,22636,Video,Android,Social,2.3903453404852066
3.7453368336061175,17353,Interstitial,Android,Finance,2.538119873294166
0.264308930205319,12556,banner,Android,Social,0.5230633220942321
2.892459455869451,28598,Interstitial,iOS,Finance,2.0683372899034738
3.836047560129384,12563,Video,iOS,Utility,4.0717689615378445
4.3961516201325725,47819,banner,Android,Social,2.420761187809263
1.7762005687079467,44790,Video,Android,Gaming,2.9774849308489717
4.124160792892863,9234,Video,Android,Gaming,4.178393462147983
0.6420955110805154,26519,Interstitial,Android,Social,0.9482367230269836
4.2476162294991395,27966,Video,Android,Utility,3.9179120285989644
0.7246944454267139,17173,Interstitial,Android,Utility,1.3274950283029234
2.0467077237458,27987,banner,Android,Gaming,1.4506127426018371
4.006747292319813,14178,Video,Android,Social,4.276779761854786
0.8345953940089915,40338,banner,Android,Utility,1.2399042039035424
1.2233318366399435,25596,banner,Android,Gaming,1.3250162687194025
3.639037585126025,34174,Video,Android,Finance,4.1319272021656515
3.6281790290757647,42974,Interstitial,iOS,Social,2.5472178356556974
3.241623401137957,5431,banner,Android,Finance,2.334037026902992
3.5003473778887906,28764,Video,iOS,Finance,4.26198632166046
2.7593497724032217,22627,banner,Android,Utility,1.455540572162294
1.3338153886440687,40310,Interstitial,Android,Utility,0.9632051695229257
1.7939103681692055,9906,Video,iOS,Utility,3.45214911236597
0.9898288123269858,37914,Interstitial,Android,Social,1.3620216827260538
4.5514077505347785,45814,Video,Android,Finance,4.812571340284726
2.9586197943539907,46379,banner,iOS,Social,2.152560856942286
2.0641719421418356,14076,banner,Android,Utility,1.8682104463004814
2.36382843785625,38650,Video,Android,Finance,3.8442551957594713
4.741688364097895,47881,Video,Android,Social,3.87683407383476
0.851421875268793,47413,banner,Android,Social,0.8149836447341233
2.972526176882307,7012,Video,iOS,Gaming,3.6334858579851446
2.5788545265338834,8151,banner,iOS,Social,1.844137065339682
3.096125753629775,29211,Video,Android,Utility,3.599157945930004
0.1887399007221185,28117,Interstitial,Android,Social,1.1632846495094584
4.373407153826342,37378,banner,Android,Finance,2.7541775520962832
4.667379584169701,43652,Interstitial,iOS,Social,2.6769129212626925
2.869152599587124,7894,Video,Android,Gaming,3.0012377780426167
3.5135890369967724,14467,banner,iOS,Finance,2.8422935305516623
4.6202469677687485,32010,banner,iOS,Finance,2.840173209395405
3.5654693081356537,43641,Video,Android,Gaming,3.6410066035788056
0.8474413102798807,13289,Video,Android,Utility,2.2706099995028963
2.923812964817385,45976,Video,Android,Finance,3.9747148657192084
3.0729037272759943,44596,banner,Android,Utility,1.6546794676638121
2.1782402893816917,24171,banner,Android,Finance,2.272522933746651
3.7085767545611423,35905,Video,Android,Finance,4.703675020842048
4.678398372368172,21829,banner,Android,Utility,2.6305919873567145
4.635285713243204,35054,Video,Android,Finance,4.2973481586640405
2.3091129198802474,49478,Video,Android,Utility,3.089969944647573
0.6548664246197008,45139,Interstitial,Android,Gaming,0.6311491576366767
4.925721874915439,49713,Interstitial,iOS,Utility,3.246278398146043
4.210600623585077,30734,banner,Android,Gaming,2.3835447494564512
0.7108471378960075,8052,Video,iOS,Finance,2.8750995204009175
4.6121252248251245,4654,banner,Android,Utility,2.7715779522273065
4.362492174104428,24486,Video,Android,Finance,4.646445505800544
2.6423064799177536,19743,Video,iOS,Utility,3.4095259016093538
2.9972496351501534,49368,Video,iOS,Gaming,3.767746898239564
2.0551132489636386,25489,banner,Android,Gaming,1.3258674033559719
0.3683320302279536,9636,banner,Android,Utility,1.0201403888244756
1.7424664840649147,7441,Video,iOS,Gaming,3.2395300917166163
4.033981898130256,25611,banner,Android,Finance,2.1234091159643427
0.12269691272255401,43435,Interstitial,Android,Finance,1.663618801620272
1.7341459412866067,13149,Video,Android,Social,2.502435605605426
2.051026598595622,35566,banner,Android,Gaming,1.294347319229064
2.7332384543958224,43368,Interstitial,Android,Finance,2.645602805223278
4.607292520422527,22675,Video,iOS,Utility,4.347325920584474
1.7970953723932104,6495,Video,Android,Gaming,3.1457270794943235
1.800070689291516,43668,banner,Android,Finance,2.1710375290696704
3.7137561157377674,14673,banner,iOS,Gaming,2.258333929761079
2.3158679103600552,12130,Interstitial,iOS,Utility,1.605089674425266
1.2005636324059117,23668,Video,iOS,Finance,3.1711943702361163
2.316953629050198,16222,Interstitial,Android,Social,2.0977642409656405
0.7901993998610193,24669,Video,Android,Social,2.9028850082247106
0.9642962338804942,35068,Video,Android,Gaming,2.2840013086731674
2.542002086423451,24253,banner,Android,Utility,1.6475107802867073
2.152734702572285,10435,Video,Android,Finance,3.2359798193048004
4.5827449152336905,29552,Video,iOS,Utility,4.045189245968258
1.8757301056715026,38384,Video,iOS,Finance,3.530579534377094
2.9448829163624133,17393,Video,Android,Gaming,3.5454065146824103
3.1980950108056994,11617,Video,iOS,Finance,4.215571989330159
0.16416283728283482,39520,Interstitial,Android,Utility,0.19767469724317532
3.3513331228818823,10852,Video,Android,Utility,3.0915425272214185
0.972376237661782,32401,banner,iOS,Gaming,1.2137301027291292
4.80924455560033,7295,banner,Android,Utility,3.316364689248976
0.8284473659902535,36993,Interstitial,Android,Finance,1.1704927503929718
2.1316582062624163,35084,Video,Android,Gaming,2.851236146661153
0.5182133735853549,46105,Interstitial,iOS,Finance,2.1576882911209436
4.984683834045142,40575,banner,Android,Utility,2.6106972844298113
2.560755550623089,37451,banner,iOS,Gaming,2.0739210693019667
3.017386584868215,8227,banner,Android,Finance,2.819681120880605
0.4286747392032947,32910,Interstitial,iOS,Utility,1.3328826379732586
3.7748063049559715,37041,Video,Android,Utility,3.4906372103042993
1.1285374061683704,24384,banner,Android,Social,0.9818313818346026
4.500466018259497,1145,banner,Android,Utility,3.091013447178067
1.1051842383618353,38778,banner,iOS,Finance,1.2419453704936627
1.0343698312519662,17035,Interstitial,iOS,Gaming,1.6626411985059106
0.2790933724556649,4040,Video,iOS,Social,2.925650951342708
2.4131280310389966,43422,Interstitial,iOS,Utility,1.6410432097059506
2.8677215529868207,27160,Video,iOS,Utility,3.979202373620005
0.4219723331989266,18633,Video,Android,Utility,2.1073348672996413
3.9000853218055522,30344,Video,iOS,Finance,4.3410853364720365
2.3211152902653356,18014,Video,iOS,Social,3.333223534563621
2.6695123197051425,15996,banner,Android,Finance,1.6280390937771363
2.2597374599973183,42621,Video,iOS,Social,3.5009137773963395
2.0637389982890975,12695,Video,iOS,Gaming,2.7930021963028473
2.8422376234102678,3852,Interstitial,iOS,Finance,2.1936472044599844
0.8606772050604913,17014,Interstitial,Android,Finance,1.8018106427447689
0.9914478394268286,28042,Interstitial,iOS,Gaming,1.3710386940016537
4.322749542966235,34755,Interstitial,Android,Social,1.9078868529194695
4.7359657644548,41390,banner,Android,Utility,2.6456823472737434
1.9292156497707897,24711,Video,iOS,Gaming,3.0771496153222246
1.4266488984034136,27122,Video,Android,Utility,2.5297363309695036
3.2555977618711776,10160,banner,iOS,Utility,2.2771990896813614
2.1027974383806725,28213,Video,iOS,Gaming,3.592508471080362
0.22439314273568983,40420,banner,Android,Social,0.7636571803214641
0.8651477270943327,8421,Video,Android,Utility,2.0049649891539207
3.6082639213522483,22400,Video,Android,Gaming,3.6677670448719177
3.328727315359742,34537,banner,iOS,Finance,2.9263758660680224
0.23277036326706912,18727,banner,Android,Finance,1.271852475679162
1.1876635934714523,47882,banner,Android,Finance,1.4552549527724161
1.23226650328155,5358,banner,iOS,Gaming,1.7254835384115168
3.3922744436337697,29482,Video,iOS,Finance,4.3710038715950414
0.19658163499638437,33117,Video,iOS,Utility,2.5202503870913278
0.6101320517244119,24164,Interstitial,iOS,Finance,1.6760709412385195
4.019588818328628,32910,banner,Android,Finance,2.9697946200423075
0.9748688440662348,33496,Video,Android,Utility,2.721559158274915
3.2984559284741866,45311,Interstitial,Android,Finance,2.0354197753299186
1.2670956271289602,30371,Video,iOS,Utility,3.6226110315033258
0.5872628245207914,39467,Video,Android,Finance,2.6042554499877992
1.2915437358973252,18625,Video,iOS,Utility,2.536196910527387
3.6391079660927304,34893,banner,iOS,Finance,2.983613955892157
4.2929126937208,11793,banner,iOS,Utility,2.5506060619423128
4.168077336378259,32007,Video,iOS,Gaming,4.154533780046239
2.0461992951304286,26766,Interstitial,Android,Utility,1.4395942028982662
3.3736171691961667,40532,Video,Android,Finance,4.273649771404245
1.104423047537523,13323,Video,Android,Finance,3.4307591306501024
1.5364238782789652,46799,Video,iOS,Social,3.468823167554299
4.492045510753487,47820,Video,iOS,Utility,4.59395791506798
0.1637094252026066,46408,Video,iOS,Gaming,2.366084979137926
0.5189918011868936,8843,banner,Android,Utility,0.8655781637519868
1.118642650215534,15210,Interstitial,Android,Utility,1.4344169049270656
0.2300077989817166,17456,banner,Android,Gaming,0.4262892306229628
0.9890336319400069,32367,Video,iOS,Utility,3.1909847109567377
2.956903648751492,11106,Video,Android,Gaming,3.208985871042528
2.16498029790324,38957,Video,Android,Gaming,2.9121611749572778
4.474091384277177,3472,Video,Android,Utility,4.220377420439068
4.1054734525183605,7704,banner,Android,Utility,2.320106358306566
1.7749050233195924,4713,Video,Android,Finance,3.397162371421468
1.3711748238133334,6051,banner,Android,Finance,1.8263981013518693
1.960492800019608,11756,Interstitial,iOS,Social,1.9440365472937757
2.9924452183225583,3475,Video,Android,Social,3.302675677581108
1.4135118400320938,37378,Interstitial,iOS,Utility,1.057452087224871
3.158329648460757,5255,banner,Android,Gaming,2.1722271633604615
2.1061170957370785,15484,banner,Android,Social,2.0143573580479117
2.8050311861747033,35503,banner,Android,Utility,1.8656795166698867
2.237019992763052,9258,Video,Android,Social,3.482747723373517
1.5428822217553968,41747,Video,Android,Gaming,2.645817792293872
4.747421204114568,36196,Video,Android,Utility,4.24099545064215
3.8416683913828282,46113,Video,Android,Gaming,3.8161693137138064
0.7865545612556175,41194,banner,Android,Utility,0.6572603641926038
4.355493081899772,9533,Video,Android,Social,3.7900990832880446
2.488412871422617,33581,Interstitial,Android,Finance,2.2882735038179174
4.483305911781048,6249,banner,Android,Social,3.4215059461968615
4.019290754141845,20201,Video,Android,Social,3.6902053287724326
2.183546171899244,10686,Video,Android,Finance,3.2254516852605546
0.21009961076857525,47877,Interstitial,Android,Finance,0.9350469486815918
1.416519060986236,33007,Interstitial,iOS,Utility,1.4065301796062377
2.7540076518382484,1661,banner,iOS,Utility,2.388892620488896
3.2040432771481218,45843,Video,Android,Gaming,3.618919189102084
1.3636496586226914,31137,Video,iOS,Gaming,2.5519848741448117
0.7828447629568382,48556,Video,Android,Social,2.965071250797645
4.191158160316566,43828,Video,Android,Finance,4.144786969225616
4.923570685447405,49604,banner,Android,Gaming,2.5777207726177482
2.6758818932831607,11526,banner,Android,Social,2.2491697055371174
0.9412285006566872,4374,banner,Android,Finance,1.4503114197720286
1.434305899944908,26592,Interstitial,Android,Utility,0.54597972828406
0.190114315082587,29982,banner,Android,Social,0.3142876958498149
4.580064152146445,1207,Video,iOS,Utility,5.131110246209899
0.6769803061616916,36433,Video,Android,Gaming,1.9711507033789477
2.9249307300198426,24197,Interstitial,iOS,Gaming,2.0544269520309224
1.4428705813673095,34400,Video,Android,Finance,2.7520153652320256
2.815472212327388,4083,Interstitial,Android,Social,1.853749416037118
3.291959902924135,30328,Interstitial,iOS,Utility,2.257524728606413
4.165734838165288,47479,Video,Android,Finance,4.251540437131603
1.1114642316269558,43891,banner,Android,Gaming,0.8570537281893486
0.15387956042655435,21103,Interstitial,iOS,Gaming,0.9691165058924012
0.7707395873371556,40891,banner,Android,Social,1.099517357469906
4.510091345055715,11754,Interstitial,iOS,Utility,2.8976407992714255
4.382061380056324,35447,Interstitial,iOS,Social,2.631884692643274
3.027324200634511,16901,Video,Android,Utility,3.1116907705427503
3.042532616124902,34004,Video,Android,Utility,3.39187458520438
3.358679705276652,8446,Interstitial,Android,Social,2.4506536731402067
0.9593192652549031,38211,banner,Android,Finance,1.9859670107748648
4.580618535032303,49231,Video,Android,Social,4.08735474701781
2.1519755719711586,30301,Video,Android,Social,3.1210072227838705
1.9773787884225378,27116,banner,iOS,Gaming,1.5468910325561622
2.642696755885904,42323,Interstitial,iOS,Gaming,1.8352019859471045
0.33013323719776977,19752,Interstitial,iOS,Social,0.8727346172777637
0.9147885069047892,33376,banner,iOS,Social,1.142063473199745
3.7163647204892154,17669,Video,Android,Gaming,3.6071275539451557
0.5057134728331197,33916,Video,iOS,Utility,2.8685924843126704
3.0554453363853025,14395,Interstitial,iOS,Social,1.9230990691667635
1.3022106374384728,21421,Video,iOS,Finance,3.751500160000606
2.007548508805685,27342,Video,Android,Finance,3.4545865857480793
1.5145993101764295,5895,Video,Android,Finance,3.0405620035645042
1.842796310678251,12023,banner,Android,Social,1.6638448771895415
3.6233249354028034,11699,Interstitial,Android,Utility,2.1880379957189633
1.5558964065535579,10715,Video,Android,Utility,2.850905023153802
2.8753827374547964,20169,Video,Android,Gaming,3.283773109436542
2.4326469707755884,17163,banner,iOS,Social,1.9463878595120923
3.3519887102769763,6782,Interstitial,Android,Utility,1.825184984587966
4.6904657226913145,23641,Video,Android,Social,3.8497450497798598
3.6896032763302267,19792,Video,Android,Gaming,3.5717652105724356
1.1532078550947082,36585,Video,Android,Gaming,2.5035641040932832
0.2527973618002949,31682,Interstitial,Android,Gaming,0.19304159162097445
1.3850938170691431,48864,Video,Android,Finance,3.530460966864178
3.015881860431249,19880,Video,Android,Social,3.1606320549943625
0.3519864860728268,39067,banner,iOS,Gaming,0.893993375771437
2.5321946112860583,43685,banner,Android,Social,1.658679278768225
3.0245299596927575,19073,Video,Android,Finance,4.560720146030212
1.7377950650031082,37035,Interstitial,Android,Finance,2.2281370646120875
3.877469798354528,38174,Video,Android,Gaming,3.92000673981845
0.6223314403554818,25837,banner,iOS,Gaming,1.1654016835785084
0.468175130505463,18826,Video,Android,Utility,2.7172907891275253
3.6681249053976566,25981,banner,iOS,Social,2.125844844289142
2.527907449410373,11382,Video,Android,Gaming,3.4149801789028884
3.4731717424959068,5437,Interstitial,Android,Utility,2.1359567832192425
2.230653959158357,6435,banner,Android,Social,1.8603344113237419
1.3073699628716235,25819,banner,iOS,Gaming,1.3795061129833872
4.113601356603579,37875,banner,Android,Utility,2.5329811348858557
4.017137806947998,32982,banner,iOS,Utility,2.8665163369488105
3.5040127071866913,34328,Video,Android,Social,3.9121567686891945
1.4335111724268175,13329,Video,Android,Utility,2.7776358274244743
2.992130267658527,26169,Interstitial,Android,Social,1.5341670102597793
1.8687720950061315,22932,Video,Android,Social,3.11010371597728
0.5487521593005074,35594,banner,Android,Social,0.57251294314732
4.59483651976499,12421,Interstitial,iOS,Finance,3.3404143388895844
0.7704112915029109,46033,Video,iOS,Utility,3.063799820408791
4.756163033721932,8629,banner,Android,Social,2.5120324362567654
2.2854282874939833,9325,Video,Android,Gaming,2.919092501412149
